{"train_loss": 1.5502229674126615, "train_acc": 42.257777777777775, "epoch": 0, "_timestamp": 1716403961.8460128, "_runtime": 1138.9971787929535, "_step": 940, "val_loss": 1.2169484177212806, "val_acc": 56.3, "_wandb": {"runtime": 1135}}