{"train_loss": 0.0023014264879748225, "epoch": 2, "_timestamp": 1718054576.2279267, "_runtime": 22.96834373474121, "_step": 213, "val_loss": 0.03416971489787102, "_wandb": {"runtime": 22}}