{"train_loss": 2.304255257953297, "train_acc": 16.264204545454547, "epoch": 0, "_timestamp": 1716404436.5865839, "_runtime": 38.6207058429718, "_step": 21, "_wandb": {"runtime": 39}}