{"val_loss": 2.4170434304646085, "val_acc": 8.705357142857142, "epoch": 0, "_timestamp": 1716405021.9454117, "_runtime": 26.26784372329712, "_step": 41, "_wandb": {"runtime": 26}}