{"train_loss": 0.00015625123269273898, "epoch": 9, "_timestamp": 1717965343.317372, "_runtime": 88.02929711341858, "_step": 999, "val_loss": 0.00013378837029449643, "_wandb": {"runtime": 111}}