{"train_loss": 0.004783995915204287, "epoch": 95, "_timestamp": 1718054641.3647137, "_runtime": 23.979877710342407, "_step": 190, "val_loss": 0.026090912520885468, "_wandb": {"runtime": 23}}