{"train_loss": 0.04215032641663619, "epoch": 29, "_timestamp": 1717968700.707925, "_runtime": 633.220899105072, "_step": 4259, "val_loss": 0.0006066556670702994, "_wandb": {"runtime": 632}}