{"train_loss": 2.2455253798625562e-07, "epoch": 99, "_timestamp": 1717967575.164066, "_runtime": 840.683552980423, "_step": 9999, "val_loss": 2.1706174635482967e-07, "_wandb": {"runtime": 840}}