{"train_loss": 0.13230861650046075, "epoch": 29, "_timestamp": 1717966688.4855602, "_runtime": 630.9001231193542, "_step": 4249, "val_loss": 0.0015403003199025989, "_wandb": {"runtime": 630}}