{"train_loss": 0.005657211737707257, "epoch": 99, "_timestamp": 1718057728.9061139, "_runtime": 840.871260881424, "_step": 9999, "val_loss": 0.005613730801269412, "_wandb": {"runtime": 840}}