{"train_loss": 0.00020035837660543622, "epoch": 99, "_timestamp": 1717963804.0662389, "_runtime": 430.0834918022156, "_step": 1699, "val_loss": 0.00021629025286529213, "_wandb": {"runtime": 443}}